Time, Active for CentOS7-Docker-0, Ballooned memory for CentOS7-Docker-0, Consumed for CentOS7-Docker-0, Granted for CentOS7-Docker-0
Wed May 16 15:43:20 GMT+0100 2018, 83884, 0, 8258964, 8259456
Wed May 16 15:43:40 GMT+0100 2018, 83884, 0, 8258964, 8259456
Wed May 16 15:44:00 GMT+0100 2018, 83884, 0, 8258964, 8259456
Wed May 16 15:44:20 GMT+0100 2018, 83884, 0, 8258964, 8259456
Wed May 16 15:44:40 GMT+0100 2018, 83884, 0, 8258964, 8259456
Wed May 16 15:45:00 GMT+0100 2018, 83884, 0, 8258964, 8259456
Wed May 16 15:45:20 GMT+0100 2018, 83884, 0, 8258964, 8259456
Wed May 16 15:45:40 GMT+0100 2018, 83884, 0, 8258964, 8259456
Wed May 16 15:46:00 GMT+0100 2018, 83884, 0, 8258964, 8259456
Wed May 16 15:46:20 GMT+0100 2018, 503316, 0, 8258964, 8259456
Wed May 16 15:46:40 GMT+0100 2018, 2097152, 0, 8258964, 8259456
Wed May 16 15:47:00 GMT+0100 2018, 3690984, 0, 8258964, 8259456
Wed May 16 15:47:20 GMT+0100 2018, 3774872, 0, 8258964, 8259456
Wed May 16 15:47:40 GMT+0100 2018, 4445960, 0, 8258964, 8259456
Wed May 16 15:48:00 GMT+0100 2018, 4445960, 0, 8258964, 8259456
Wed May 16 15:48:20 GMT+0100 2018, 4445960, 0, 8258964, 8259456
Wed May 16 15:48:40 GMT+0100 2018, 5536480, 0, 8258964, 8259456
Wed May 16 15:49:00 GMT+0100 2018, 5536480, 0, 8258964, 8259456
Wed May 16 15:49:20 GMT+0100 2018, 5536480, 0, 8258964, 8259456
Wed May 16 15:49:40 GMT+0100 2018, 5452592, 0, 8258964, 8259456
Wed May 16 15:50:00 GMT+0100 2018, 5452592, 0, 8258964, 8259456
Wed May 16 15:50:20 GMT+0100 2018, 5452592, 0, 8258964, 8259456
Wed May 16 15:50:40 GMT+0100 2018, 5284820, 0, 8258964, 8259456
Wed May 16 15:51:00 GMT+0100 2018, 5284820, 0, 8258964, 8259456
Wed May 16 15:51:20 GMT+0100 2018, 5284820, 0, 8258964, 8259456
Wed May 16 15:51:40 GMT+0100 2018, 3103784, 0, 8258964, 8259456
Wed May 16 15:52:00 GMT+0100 2018, 3103784, 0, 8258964, 8259456
Wed May 16 15:52:20 GMT+0100 2018, 3103784, 0, 8258964, 8259456
Wed May 16 15:52:40 GMT+0100 2018, 2348808, 0, 8258964, 8259456
Wed May 16 15:53:00 GMT+0100 2018, 2348808, 0, 8258964, 8259456
Wed May 16 15:53:20 GMT+0100 2018, 2348808, 0, 8258964, 8259456
Wed May 16 15:53:40 GMT+0100 2018, 1761604, 0, 8258964, 8259456
Wed May 16 15:54:00 GMT+0100 2018, 1761604, 0, 8258964, 8259456
Wed May 16 15:54:20 GMT+0100 2018, 1761604, 0, 8258964, 8259456
Wed May 16 15:54:40 GMT+0100 2018, 1342176, 0, 8258964, 8259456
Wed May 16 15:55:00 GMT+0100 2018, 1342176, 0, 8258964, 8259456
Wed May 16 15:55:20 GMT+0100 2018, 1342176, 0, 8258964, 8259456
Wed May 16 15:55:40 GMT+0100 2018, 1006632, 0, 8258964, 8259456
Wed May 16 15:56:00 GMT+0100 2018, 1006632, 0, 8258964, 8259456
Wed May 16 15:56:20 GMT+0100 2018, 2097152, 0, 8258964, 8259456
Wed May 16 15:56:40 GMT+0100 2018, 3271556, 0, 8258964, 8259456
Wed May 16 15:57:00 GMT+0100 2018, 3271556, 0, 8258964, 8259456
Wed May 16 15:57:20 GMT+0100 2018, 3271556, 0, 8258964, 8259456
Wed May 16 15:57:40 GMT+0100 2018, 5033164, 0, 8258964, 8259456
Wed May 16 15:58:00 GMT+0100 2018, 5033164, 0, 8258964, 8259456
Wed May 16 15:58:20 GMT+0100 2018, 5033164, 0, 8258964, 8259456
Wed May 16 15:58:40 GMT+0100 2018, 5200936, 0, 8258964, 8259456
Wed May 16 15:59:00 GMT+0100 2018, 5200936, 0, 8258964, 8259456
Wed May 16 15:59:20 GMT+0100 2018, 5200936, 0, 8258964, 8259456
Wed May 16 15:59:40 GMT+0100 2018, 5452592, 0, 8258964, 8259456
Wed May 16 16:00:00 GMT+0100 2018, 5452592, 0, 8258964, 8259456
Wed May 16 16:00:20 GMT+0100 2018, 5452592, 0, 8258964, 8259456
Wed May 16 16:00:40 GMT+0100 2018, 3942644, 0, 8258964, 8259456
Wed May 16 16:01:00 GMT+0100 2018, 3942644, 0, 8258964, 8259456
Wed May 16 16:01:20 GMT+0100 2018, 3942644, 0, 8258964, 8259456
Wed May 16 16:01:40 GMT+0100 2018, 3103784, 0, 8258964, 8259456
Wed May 16 16:02:00 GMT+0100 2018, 3103784, 0, 8258964, 8259456
Wed May 16 16:02:20 GMT+0100 2018, 3103784, 0, 8258964, 8259456
Wed May 16 16:02:40 GMT+0100 2018, 2348808, 0, 8258964, 8259456
Wed May 16 16:03:00 GMT+0100 2018, 2348808, 0, 8258964, 8259456
Wed May 16 16:03:20 GMT+0100 2018, 2348808, 0, 8258964, 8259456
Wed May 16 16:03:40 GMT+0100 2018, 1761604, 0, 8258964, 8259456
Wed May 16 16:04:00 GMT+0100 2018, 1761604, 0, 8258964, 8259456
Wed May 16 16:04:20 GMT+0100 2018, 1761604, 0, 8258964, 8259456
Wed May 16 16:04:40 GMT+0100 2018, 1342176, 0, 8258964, 8259456
Wed May 16 16:05:00 GMT+0100 2018, 1342176, 0, 8258964, 8259456
Wed May 16 16:05:20 GMT+0100 2018, 1342176, 0, 8258964, 8259456
Wed May 16 16:05:40 GMT+0100 2018, 1006632, 0, 8258964, 8259456
Wed May 16 16:06:00 GMT+0100 2018, 1006632, 0, 8258968, 8259456
Wed May 16 16:06:20 GMT+0100 2018, 2348808, 0, 8258968, 8259456
Wed May 16 16:06:40 GMT+0100 2018, 3523212, 0, 8258968, 8259456
Wed May 16 16:07:00 GMT+0100 2018, 3523212, 0, 8258968, 8259456
Wed May 16 16:07:20 GMT+0100 2018, 3523212, 0, 8258968, 8259456
Wed May 16 16:07:40 GMT+0100 2018, 5452592, 0, 8258968, 8259456
Wed May 16 16:08:00 GMT+0100 2018, 5452592, 0, 8258968, 8259456
Wed May 16 16:08:20 GMT+0100 2018, 5452592, 0, 8258968, 8259456
Wed May 16 16:08:40 GMT+0100 2018, 6039796, 0, 8258968, 8259456
Wed May 16 16:09:00 GMT+0100 2018, 6039796, 0, 8258968, 8259456
Wed May 16 16:09:20 GMT+0100 2018, 6039796, 0, 8258968, 8259456
Wed May 16 16:09:40 GMT+0100 2018, 6207568, 0, 8258968, 8259456
Wed May 16 16:10:00 GMT+0100 2018, 6207568, 0, 8258968, 8259456
Wed May 16 16:10:20 GMT+0100 2018, 6207568, 0, 8258968, 8259456
Wed May 16 16:10:40 GMT+0100 2018, 3942644, 0, 8258968, 8259456
Wed May 16 16:11:00 GMT+0100 2018, 3942644, 0, 8258968, 8259456
Wed May 16 16:11:20 GMT+0100 2018, 3942644, 0, 8258968, 8259456
Wed May 16 16:11:40 GMT+0100 2018, 3271556, 0, 8258968, 8259456
Wed May 16 16:12:00 GMT+0100 2018, 3271556, 0, 8258968, 8259456
Wed May 16 16:12:20 GMT+0100 2018, 3271556, 0, 8258968, 8259456
Wed May 16 16:12:40 GMT+0100 2018, 2432696, 0, 8258968, 8259456
Wed May 16 16:13:00 GMT+0100 2018, 2432696, 0, 8258968, 8259456
Wed May 16 16:13:20 GMT+0100 2018, 2432696, 0, 8258968, 8259456
Wed May 16 16:13:40 GMT+0100 2018, 1845492, 0, 8258968, 8259456
Wed May 16 16:14:00 GMT+0100 2018, 1845492, 0, 8258968, 8259456
Wed May 16 16:14:20 GMT+0100 2018, 1845492, 0, 8258968, 8259456
Wed May 16 16:14:40 GMT+0100 2018, 1342176, 0, 8258968, 8259456
Wed May 16 16:15:00 GMT+0100 2018, 1342176, 0, 8258968, 8259456
Wed May 16 16:15:20 GMT+0100 2018, 1342176, 0, 8258968, 8259456
Wed May 16 16:15:40 GMT+0100 2018, 1006632, 0, 8258968, 8259456
Wed May 16 16:16:00 GMT+0100 2018, 1006632, 0, 8258968, 8259456
Wed May 16 16:16:20 GMT+0100 2018, 2852124, 0, 8258968, 8259456
Wed May 16 16:16:40 GMT+0100 2018, 3187668, 0, 8258968, 8259456
Wed May 16 16:17:00 GMT+0100 2018, 3187668, 0, 8258968, 8259456
Wed May 16 16:17:20 GMT+0100 2018, 3187668, 0, 8258968, 8259456
Wed May 16 16:17:40 GMT+0100 2018, 5704252, 0, 8258968, 8259456
Wed May 16 16:18:00 GMT+0100 2018, 5704252, 0, 8258968, 8259456
Wed May 16 16:18:20 GMT+0100 2018, 5704252, 0, 8258968, 8259456
Wed May 16 16:18:40 GMT+0100 2018, 6039796, 0, 8258968, 8259456
Wed May 16 16:19:00 GMT+0100 2018, 6039796, 0, 8258968, 8259456
Wed May 16 16:19:20 GMT+0100 2018, 6039796, 0, 8258968, 8259456
Wed May 16 16:19:40 GMT+0100 2018, 6123680, 0, 8258968, 8259456
Wed May 16 16:20:00 GMT+0100 2018, 6123680, 0, 8258968, 8259456
Wed May 16 16:20:20 GMT+0100 2018, 6123680, 0, 8258968, 8259456
Wed May 16 16:20:40 GMT+0100 2018, 3942644, 0, 8258968, 8259456
Wed May 16 16:21:00 GMT+0100 2018, 3942644, 0, 8258968, 8259456
Wed May 16 16:21:20 GMT+0100 2018, 3942644, 0, 8258968, 8259456
Wed May 16 16:21:40 GMT+0100 2018, 3187668, 0, 8258968, 8259456
Wed May 16 16:22:00 GMT+0100 2018, 3187668, 0, 8258968, 8259456
Wed May 16 16:22:20 GMT+0100 2018, 3187668, 0, 8258968, 8259456
Wed May 16 16:22:40 GMT+0100 2018, 2348808, 0, 8258968, 8259456
Wed May 16 16:23:00 GMT+0100 2018, 2348808, 0, 8258968, 8259456
Wed May 16 16:23:20 GMT+0100 2018, 2348808, 0, 8258968, 8259456
Wed May 16 16:23:40 GMT+0100 2018, 1761604, 0, 8258968, 8259456
Wed May 16 16:24:00 GMT+0100 2018, 1761604, 0, 8258968, 8259456
Wed May 16 16:24:20 GMT+0100 2018, 1761604, 0, 8258968, 8259456
Wed May 16 16:24:40 GMT+0100 2018, 1258288, 0, 8258968, 8259456
Wed May 16 16:25:00 GMT+0100 2018, 1258288, 0, 8258968, 8259456
Wed May 16 16:25:20 GMT+0100 2018, 1258288, 0, 8258968, 8259456
Wed May 16 16:25:40 GMT+0100 2018, 922744, 0, 8258968, 8259456
Wed May 16 16:26:00 GMT+0100 2018, 922744, 0, 8258968, 8259456
Wed May 16 16:26:20 GMT+0100 2018, 922744, 0, 8258968, 8259456
Wed May 16 16:26:40 GMT+0100 2018, 671088, 0, 8258968, 8259456
Wed May 16 16:27:00 GMT+0100 2018, 671088, 0, 8258968, 8259456
Wed May 16 16:27:20 GMT+0100 2018, 671088, 0, 8258968, 8259456
Wed May 16 16:27:40 GMT+0100 2018, 503316, 0, 8258968, 8259456
Wed May 16 16:28:00 GMT+0100 2018, 503316, 0, 8258964, 8259456
Wed May 16 16:28:20 GMT+0100 2018, 503316, 0, 8258968, 8259456
Wed May 16 16:28:40 GMT+0100 2018, 335544, 0, 8258968, 8259456
Wed May 16 16:29:00 GMT+0100 2018, 335544, 0, 8258968, 8259456
Wed May 16 16:29:20 GMT+0100 2018, 335544, 0, 8258964, 8259456
Wed May 16 16:29:40 GMT+0100 2018, 251656, 0, 8258964, 8259456
Wed May 16 16:30:00 GMT+0100 2018, 251656, 0, 8258964, 8259456
Wed May 16 16:30:20 GMT+0100 2018, 251656, 0, 8258968, 8259456
Wed May 16 16:30:40 GMT+0100 2018, 167772, 0, 8258968, 8259456
Wed May 16 16:31:00 GMT+0100 2018, 167772, 0, 8258968, 8259456
Wed May 16 16:31:20 GMT+0100 2018, 167772, 0, 8258968, 8259456
Wed May 16 16:31:40 GMT+0100 2018, 83884, 0, 8258968, 8259456
Wed May 16 16:32:00 GMT+0100 2018, 83884, 0, 8258968, 8259456
Wed May 16 16:32:20 GMT+0100 2018, 83884, 0, 8258964, 8259456
Wed May 16 16:32:40 GMT+0100 2018, 251656, 0, 8258964, 8259456
Wed May 16 16:33:00 GMT+0100 2018, 1845492, 0, 8258964, 8259456
Wed May 16 16:33:20 GMT+0100 2018, 3439328, 0, 8258964, 8259456
Wed May 16 16:33:40 GMT+0100 2018, 4362076, 0, 8258964, 8259456
Wed May 16 16:34:00 GMT+0100 2018, 4362076, 0, 8258964, 8259456
Wed May 16 16:34:20 GMT+0100 2018, 4362076, 0, 8258964, 8259456
Wed May 16 16:34:40 GMT+0100 2018, 5452592, 0, 8258964, 8259456
Wed May 16 16:35:00 GMT+0100 2018, 5452592, 0, 8258968, 8259456
Wed May 16 16:35:20 GMT+0100 2018, 5452592, 0, 8258968, 8259456
Wed May 16 16:35:40 GMT+0100 2018, 5704252, 0, 8258968, 8259456
Wed May 16 16:36:00 GMT+0100 2018, 5704252, 0, 8258968, 8259456
Wed May 16 16:36:20 GMT+0100 2018, 5704252, 0, 8258968, 8259456
Wed May 16 16:36:40 GMT+0100 2018, 5955908, 0, 8258968, 8259456
Wed May 16 16:37:00 GMT+0100 2018, 5955908, 0, 8258964, 8259456
Wed May 16 16:37:20 GMT+0100 2018, 5955908, 0, 8258964, 8259456
Wed May 16 16:37:40 GMT+0100 2018, 3271556, 0, 8258964, 8259456
Wed May 16 16:38:00 GMT+0100 2018, 3271556, 0, 8258964, 8259456
Wed May 16 16:38:20 GMT+0100 2018, 3271556, 0, 8258964, 8259456
Wed May 16 16:38:40 GMT+0100 2018, 2768240, 0, 8258964, 8259456
Wed May 16 16:39:00 GMT+0100 2018, 2768240, 0, 8258964, 8259456
Wed May 16 16:39:20 GMT+0100 2018, 2768240, 0, 8258964, 8259456
Wed May 16 16:39:40 GMT+0100 2018, 2013264, 0, 8258964, 8259456
Wed May 16 16:40:00 GMT+0100 2018, 2013264, 0, 8258964, 8259456
Wed May 16 16:40:20 GMT+0100 2018, 2013264, 0, 8258964, 8259456
Wed May 16 16:40:40 GMT+0100 2018, 1509948, 0, 8258964, 8259456
Wed May 16 16:41:00 GMT+0100 2018, 1509948, 0, 8258964, 8259456
Wed May 16 16:41:20 GMT+0100 2018, 1509948, 0, 8258968, 8259456
Wed May 16 16:41:40 GMT+0100 2018, 1174404, 0, 8258968, 8259456
Wed May 16 16:42:00 GMT+0100 2018, 1174404, 0, 8258968, 8259456
Wed May 16 16:42:20 GMT+0100 2018, 1174404, 0, 8258968, 8259456
Wed May 16 16:42:40 GMT+0100 2018, 838860, 0, 8258968, 8259456
